{
  "Dummy (most_frequent)": {
    "roc_auc": {
      "mean": 0.5,
      "std": 0.0
    },
    "recall": {
      "mean": 0.0,
      "std": 0.0
    },
    "f1": {
      "mean": 0.0,
      "std": 0.0
    },
    "accuracy": {
      "mean": 0.5435374149659863,
      "std": 0.0037414965986394483
    },
    "balanced_accuracy": {
      "mean": 0.5,
      "std": 0.0
    }
  },
  "Logistic Regression": {
    "roc_auc": {
      "mean": 0.906034706034706,
      "std": 0.03977139364148459
    },
    "recall": {
      "mean": 0.8,
      "std": 0.0792527080643759
    },
    "f1": {
      "mean": 0.8253550543024227,
      "std": 0.022687142312939817
    },
    "accuracy": {
      "mean": 0.8464285714285715,
      "std": 0.017003401020340096
    },
    "balanced_accuracy": {
      "mean": 0.8428774928774928,
      "std": 0.017171912495085165
    }
  },
  "SVM (RBF)": {
    "roc_auc": {
      "mean": 0.9071354571354572,
      "std": 0.04217696952338733
    },
    "recall": {
      "mean": 0.8181818181818181,
      "std": 0.06428243465332249
    },
    "f1": {
      "mean": 0.8300544285007423,
      "std": 0.040620525785538486
    },
    "accuracy": {
      "mean": 0.8464285714285715,
      "std": 0.038786510851535484
    },
    "balanced_accuracy": {
      "mean": 0.8444185444185445,
      "std": 0.03705915865202702
    }
  },
  "MLP": {
    "roc_auc": {
      "mean": 0.8594923594923596,
      "std": 0.06312493077667322
    },
    "recall": {
      "mean": 0.7727272727272727,
      "std": 0.08624393618641034
    },
    "f1": {
      "mean": 0.7749015429015429,
      "std": 0.08222926022294867
    },
    "accuracy": {
      "mean": 0.7926870748299318,
      "std": 0.07964133367030155
    },
    "balanced_accuracy": {
      "mean": 0.7914918414918415,
      "std": 0.07733818208212442
    }
  },
  "Random Forest": {
    "roc_auc": {
      "mean": 0.9098484848484848,
      "std": 0.0382856932378584
    },
    "recall": {
      "mean": 0.809090909090909,
      "std": 0.06680426571226848
    },
    "f1": {
      "mean": 0.8217785405542841,
      "std": 0.04191754191109429
    },
    "accuracy": {
      "mean": 0.8383503401360544,
      "std": 0.04558203862664249
    },
    "balanced_accuracy": {
      "mean": 0.8363118363118363,
      "std": 0.04203784446524305
    }
  }
}